"Date","Price","Open","High","Low","Change %"
"Sep 28, 2020","20.36","19.76","20.41","19.37","3.04%"
"Sep 27, 2020","19.76","19.74","19.85","19.69","0.48%"
"Sep 25, 2020","19.67","19.84","19.98","19.30","-0.74%"
"Sep 24, 2020","19.81","19.54","19.99","18.59","1.53%"
"Sep 23, 2020","19.51","20.82","20.91","19.38","-6.15%"
"Sep 22, 2020","20.79","21.00","21.44","20.32","-0.77%"
"Sep 21, 2020","20.95","22.61","22.74","20.21","-7.30%"
"Sep 18, 2020","22.60","22.83","22.96","22.54","-0.87%"
"Sep 17, 2020","22.80","23.00","23.16","22.30","-0.75%"
"Sep 16, 2020","22.97","22.92","23.16","22.78","0.33%"
"Sep 15, 2020","22.90","22.90","23.24","22.78","0.11%"
"Sep 14, 2020","22.87","22.61","23.00","22.52","1.46%"
"Sep 11, 2020","22.54","22.77","22.83","22.46","-0.89%"
"Sep 10, 2020","22.75","22.88","23.10","22.59","-0.44%"
"Sep 09, 2020","22.85","22.64","22.98","22.46","0.99%"
"Sep 08, 2020","22.63","22.87","22.93","21.97","-0.96%"
"Sep 07, 2020","22.84","22.75","22.96","22.48","0.63%"
"Sep 04, 2020","22.70","22.45","22.80","22.30","1.22%"
"Sep 03, 2020","22.43","23.15","23.42","22.36","-2.99%"
"Sep 02, 2020","23.12","23.61","23.75","22.87","-2.00%"
"Sep 01, 2020","23.59","23.58","24.12","23.27","0.14%"
"Aug 31, 2020","23.56","23.12","23.76","23.10","2.03%"
"Aug 28, 2020","23.09","22.85","23.29","22.71","1.13%"
"Aug 27, 2020","22.83","23.25","23.50","22.53","-1.72%"
"Aug 26, 2020","23.23","22.42","23.26","22.15","3.70%"
"Aug 25, 2020","22.40","22.57","22.71","22.07","-0.72%"
"Aug 24, 2020","22.56","22.66","22.99","22.25","-0.27%"
"Aug 21, 2020","22.62","22.96","23.19","22.15","-1.38%"
"Aug 20, 2020","22.94","22.56","23.21","22.47","1.78%"
"Aug 19, 2020","22.54","23.20","23.49","22.37","-2.75%"
"Aug 18, 2020","23.17","23.16","23.86","22.75","0.10%"
"Aug 17, 2020","23.15","22.34","23.23","21.81","3.82%"
"Aug 14, 2020","22.30","23.29","23.46","21.74","-4.16%"
"Aug 13, 2020","23.27","21.64","23.46","21.45","7.61%"
"Aug 12, 2020","21.62","21.13","22.38","20.00","2.41%"
"Aug 11, 2020","21.11","24.81","24.92","20.82","-14.81%"
"Aug 10, 2020","24.78","24.02","24.98","23.63","3.27%"
"Aug 07, 2020","23.99","24.35","25.14","23.28","-1.35%"
"Aug 06, 2020","24.32","22.72","24.50","22.57","7.16%"
"Aug 05, 2020","22.70","22.03","22.86","21.50","3.13%"
"Aug 04, 2020","22.01","20.68","22.06","20.51","6.40%"
"Aug 03, 2020","20.68","20.72","21.11","20.49","0.00%"
"Jul 31, 2020","20.69","19.85","20.77","19.63","4.21%"
"Jul 30, 2020","19.85","20.61","20.82","19.49","-3.66%"
"Jul 29, 2020","20.60","20.84","21.14","19.82","-1.17%"
"Jul 28, 2020","20.85","20.93","22.28","19.08","-0.39%"
"Jul 27, 2020","20.93","19.55","20.98","19.51","7.11%"
"Jul 24, 2020","19.54","19.49","19.73","19.32","0.23%"
"Jul 23, 2020","19.49","19.89","20.10","19.20","-2.04%"
"Jul 22, 2020","19.90","18.47","19.94","18.45","7.72%"
"Jul 21, 2020","18.47","17.41","18.51","17.29","6.13%"
"Jul 20, 2020","17.41","16.95","17.41","16.81","2.84%"
"Jul 17, 2020","16.93","16.84","16.97","16.63","0.55%"
"Jul 16, 2020","16.84","17.02","17.07","16.77","-1.10%"
"Jul 15, 2020","17.02","16.86","17.07","16.73","0.92%"
"Jul 14, 2020","16.87","16.82","16.97","16.60","0.30%"
"Jul 13, 2020","16.82","16.54","17.06","16.53","1.54%"
"Jul 10, 2020","16.56","16.54","16.65","16.40","0.16%"
"Jul 09, 2020","16.54","16.54","16.81","16.37","0.00%"
"Jul 08, 2020","16.54","16.25","16.56","16.17","1.74%"
"Jul 07, 2020","16.25","16.16","16.29","15.95","0.58%"
"Jul 06, 2020","16.16","16.09","16.23","15.90","0.49%"
"Jul 03, 2020","16.08","15.97","16.11","15.95","0.69%"
"Jul 02, 2020","15.97","16.01","16.11","15.77","-0.25%"
"Jul 01, 2020","16.01","16.22","16.46","15.82","-1.27%"
"Jun 30, 2020","16.22","15.88","16.25","15.80","2.10%"
"Jun 29, 2020","15.88","15.83","16.00","15.67","0.13%"
"Jun 26, 2020","15.86","15.87","15.99","15.62","-0.07%"
"Jun 25, 2020","15.87","15.56","15.89","15.51","2.02%"
"Jun 24, 2020","15.56","15.86","15.97","15.45","-1.88%"
"Jun 23, 2020","15.86","15.74","15.95","15.67","0.73%"
"Jun 22, 2020","15.74","15.75","16.10","15.69","-0.23%"
"Jun 19, 2020","15.78","15.52","15.91","15.49","1.62%"
"Jun 18, 2020","15.53","15.57","15.73","15.44","-0.26%"
"Jun 17, 2020","15.57","15.51","15.70","15.36","0.35%"
"Jun 16, 2020","15.51","15.35","15.61","15.21","1.05%"
"Jun 15, 2020","15.35","15.55","15.63","15.06","-1.28%"
"Jun 12, 2020","15.55","15.63","15.73","15.41","-0.47%"
"Jun 11, 2020","15.63","15.94","16.10","15.47","-1.97%"
"Jun 10, 2020","15.94","15.47","15.99","15.45","3.01%"
"Jun 09, 2020","15.47","15.74","15.88","15.45","-1.74%"
"Jun 08, 2020","15.75","15.42","15.76","15.33","1.96%"
"Jun 05, 2020","15.44","15.62","15.72","15.22","-1.10%"
"Jun 04, 2020","15.62","15.72","15.90","15.55","-0.67%"
"Jun 03, 2020","15.72","16.19","16.29","15.56","-2.89%"
"Jun 02, 2020","16.19","16.44","16.51","15.90","-1.52%"
"Jun 01, 2020","16.44","16.10","16.55","16.06","2.13%"
"May 29, 2020","16.10","15.68","16.18","15.59","2.62%"
"May 28, 2020","15.68","15.69","15.89","15.57","-0.05%"
"May 27, 2020","15.69","15.60","15.81","15.31","0.57%"
"May 26, 2020","15.60","15.83","16.02","15.48","-1.40%"
"May 25, 2020","15.83","15.79","15.85","15.51","0.15%"
"May 22, 2020","15.80","15.62","15.84","15.27","1.16%"
"May 21, 2020","15.62","15.99","16.08","15.40","-2.31%"
"May 20, 2020","15.99","15.88","16.09","15.76","0.64%"
"May 19, 2020","15.89","15.54","15.99","15.51","2.23%"
"May 18, 2020","15.54","15.39","16.24","15.37","0.99%"
"May 15, 2020","15.39","14.70","15.48","14.58","4.68%"
"May 14, 2020","14.70","14.40","14.75","14.28","2.11%"
"May 13, 2020","14.40","14.24","14.46","14.11","1.09%"
"May 12, 2020","14.24","14.34","14.42","14.21","-0.66%"
"May 11, 2020","14.34","14.28","14.41","14.12","0.43%"
"May 08, 2020","14.28","14.18","14.42","14.04","0.66%"
"May 07, 2020","14.18","13.77","14.26","13.72","3.03%"
"May 06, 2020","13.77","13.81","14.03","13.71","-0.35%"
"May 05, 2020","13.81","13.56","13.87","13.51","1.92%"
"May 04, 2020","13.55","13.63","13.79","13.44","-0.67%"
"May 01, 2020","13.65","13.68","13.76","13.40","-0.22%"
"Apr 30, 2020","13.68","14.08","14.26","13.52","-2.86%"
"Apr 29, 2020","14.08","14.02","14.16","13.89","0.45%"
"Apr 28, 2020","14.02","14.04","14.13","13.77","-0.17%"
"Apr 27, 2020","14.04","14.12","14.17","13.85","-0.34%"
"Apr 24, 2020","14.09","14.17","14.27","13.91","-0.60%"
"Apr 23, 2020","14.17","13.97","14.30","13.83","1.48%"
"Apr 22, 2020","13.97","13.71","14.04","13.51","1.87%"
"Apr 21, 2020","13.71","14.11","14.18","13.40","-2.83%"
"Apr 20, 2020","14.11","13.96","14.21","13.86","1.04%"
"Apr 17, 2020","13.96","14.34","14.44","13.86","-2.63%"
"Apr 16, 2020","14.34","14.18","14.36","14.04","1.13%"
"Apr 15, 2020","14.18","14.37","14.42","13.99","-1.29%"
"Apr 14, 2020","14.37","14.10","14.46","14.04","1.91%"
"Apr 13, 2020","14.10","14.11","14.22","13.84","-0.16%"
"Apr 10, 2020","14.12","14.12","14.19","14.06","0.00%"
"Apr 09, 2020","14.12","13.79","14.24","13.73","2.33%"
"Apr 08, 2020","13.80","13.79","13.98","13.66","0.07%"
"Apr 07, 2020","13.79","13.91","14.37","13.60","-0.85%"
"Apr 06, 2020","13.91","13.33","13.99","13.16","4.37%"
"Apr 03, 2020","13.33","13.33","13.51","13.21","0.00%"
"Apr 02, 2020","13.33","12.75","13.42","12.69","4.56%"
"Apr 01, 2020","12.75","12.67","12.92","12.58","0.57%"
"Mar 31, 2020","12.67","12.73","12.96","12.63","-0.44%"
"Mar 30, 2020","12.73","13.01","13.12","12.49","-2.15%"
"Mar 27, 2020","13.01","13.06","13.28","12.88","-0.40%"
"Mar 26, 2020","13.06","13.29","13.40","12.96","-1.73%"
"Mar 25, 2020","13.29","13.25","13.65","12.96","0.27%"
"Mar 24, 2020","13.25","12.38","13.32","12.22","7.02%"
"Mar 23, 2020","12.38","11.81","12.40","11.51","4.79%"
"Mar 20, 2020","11.82","11.34","12.08","11.25","4.26%"
"Mar 19, 2020","11.34","10.97","11.49","10.82","3.33%"
"Mar 18, 2020","10.97","11.48","11.72","10.69","-4.44%"
"Mar 17, 2020","11.48","11.54","12.00","10.96","-0.52%"
"Mar 16, 2020","11.54","13.26","13.53","10.55","-12.91%"
"Mar 13, 2020","13.25","14.14","14.28","13.03","-6.36%"
"Mar 12, 2020","14.15","14.87","15.03","13.97","-4.78%"
"Mar 11, 2020","14.86","14.97","15.13","14.78","-0.80%"
"Mar 10, 2020","14.98","14.87","15.15","14.75","0.81%"
"Mar 09, 2020","14.86","15.35","15.39","14.52","-3.26%"
"Mar 06, 2020","15.36","15.51","15.64","15.08","-0.97%"
"Mar 05, 2020","15.51","15.45","15.60","15.34","0.39%"
"Mar 04, 2020","15.45","15.42","15.55","15.34","0.19%"
"Mar 03, 2020","15.42","15.04","15.62","15.00","2.53%"
"Mar 02, 2020","15.04","15.17","15.45","14.90","-0.59%"
"Feb 28, 2020","15.13","16.16","16.27","14.89","-6.37%"
"Feb 27, 2020","16.16","16.47","16.65","16.03","-1.88%"
"Feb 26, 2020","16.47","16.55","16.75","16.38","-0.48%"
"Feb 25, 2020","16.55","17.17","17.21","16.43","-3.61%"
"Feb 24, 2020","17.17","17.05","17.48","17.04","0.70%"
"Feb 21, 2020","17.05","17.04","17.25","17.00","0.06%"
"Feb 20, 2020","17.04","17.06","17.09","16.86","-0.12%"
"Feb 19, 2020","17.06","16.86","17.09","16.80","1.25%"
"Feb 18, 2020","16.85","16.40","16.90","16.39","2.74%"
"Feb 17, 2020","16.40","16.38","16.51","16.32","0.06%"
"Feb 14, 2020","16.39","16.28","16.42","16.26","0.68%"
"Feb 13, 2020","16.28","16.08","16.37","16.07","1.24%"
"Feb 12, 2020","16.08","16.16","16.21","15.99","-0.50%"
"Feb 11, 2020","16.16","16.29","16.34","16.08","-0.74%"
"Feb 10, 2020","16.28","16.15","16.35","16.12","0.68%"
"Feb 07, 2020","16.17","16.24","16.29","16.09","-0.43%"
"Feb 06, 2020","16.24","16.01","16.27","16.00","1.44%"
"Feb 05, 2020","16.01","15.93","16.08","15.84","0.57%"
"Feb 04, 2020","15.92","15.99","16.11","15.85","-0.44%"
"Feb 03, 2020","15.99","16.28","16.34","15.91","-1.72%"
"Jan 31, 2020","16.27","16.17","16.34","16.09","0.62%"
"Jan 30, 2020","16.17","15.95","16.37","15.93","1.38%"
"Jan 29, 2020","15.95","15.85","15.99","15.77","0.63%"
"Jan 28, 2020","15.85","16.43","16.46","15.83","-3.53%"
"Jan 27, 2020","16.43","16.43","16.65","16.37","0.06%"
"Jan 24, 2020","16.42","16.11","16.47","16.05","1.92%"
"Jan 23, 2020","16.11","16.09","16.19","15.87","0.12%"
"Jan 22, 2020","16.09","16.05","16.20","15.94","0.25%"
"Jan 21, 2020","16.05","16.31","16.39","15.86","-1.53%"
"Jan 20, 2020","16.30","16.25","16.35","16.20","0.31%"
"Jan 17, 2020","16.25","16.12","16.37","16.06","0.87%"
"Jan 16, 2020","16.11","16.16","16.18","16.01","-0.31%"
"Jan 15, 2020","16.16","16.00","16.18","15.91","1.00%"
"Jan 14, 2020","16.00","16.14","16.15","15.85","-0.81%"
"Jan 13, 2020","16.13","16.27","16.32","16.08","-0.86%"
"Jan 10, 2020","16.27","16.12","16.34","16.03","0.93%"
"Jan 09, 2020","16.12","16.30","16.38","16.00","-1.10%"
"Jan 08, 2020","16.30","16.51","16.90","16.22","-1.27%"
"Jan 07, 2020","16.51","16.22","16.54","16.01","1.85%"
"Jan 06, 2020","16.21","16.15","16.58","16.07","0.25%"
"Jan 03, 2020","16.17","16.14","16.38","16.10","0.25%"
"Jan 02, 2020","16.13","15.91","16.19","15.82","1.32%"
"Jan 01, 2020","15.92","15.93","15.94","15.91","0.00%"
"Dec 31, 2019","15.92","16.03","16.22","15.86","-0.56%"
"Dec 30, 2019","16.01","15.90","16.04","15.87","0.76%"
"Dec 27, 2019","15.89","16.12","16.15","15.85","-1.49%"
"Dec 26, 2019","16.13","16.06","16.28","15.97","0.56%"
"Dec 25, 2019","16.04","16.05","16.06","15.97","-0.06%"
"Dec 24, 2019","16.05","15.73","16.06","15.66","2.03%"
"Dec 23, 2019","15.73","15.52","15.74","15.48","1.29%"
"Dec 20, 2019","15.53","15.35","15.57","15.28","1.17%"
"Dec 19, 2019","15.35","15.31","15.39","15.14","0.26%"
"Dec 18, 2019","15.31","15.26","15.34","15.16","0.33%"
"Dec 17, 2019","15.26","15.30","15.35","15.18","-0.26%"
"Dec 16, 2019","15.30","15.23","15.34","15.16","0.46%"
"Dec 13, 2019","15.23","15.22","15.28","15.05","0.07%"
"Dec 12, 2019","15.22","15.14","15.37","15.05","0.46%"
"Dec 11, 2019","15.15","15.03","15.23","14.93","0.80%"
"Dec 10, 2019","15.03","15.02","15.09","14.95","0.13%"
"Dec 09, 2019","15.01","14.99","15.07","14.93","0.13%"
"Dec 06, 2019","14.99","15.29","15.35","14.93","-1.90%"
"Dec 05, 2019","15.28","15.18","15.33","15.13","0.46%"
"Dec 04, 2019","15.21","15.52","15.64","15.14","-1.87%"
"Dec 03, 2019","15.50","15.26","15.53","15.21","1.57%"
"Dec 02, 2019","15.26","15.43","15.45","15.22","-1.29%"
"Nov 29, 2019","15.46","15.37","15.51","15.35","0.59%"
"Nov 28, 2019","15.37","15.46","15.51","15.35","-0.32%"
"Nov 27, 2019","15.42","15.50","15.53","15.37","-0.52%"
"Nov 26, 2019","15.50","15.34","15.54","15.25","1.04%"
"Nov 25, 2019","15.34","15.43","15.45","15.26","-0.58%"
"Nov 22, 2019","15.43","15.47","15.59","15.38","-0.26%"
"Nov 21, 2019","15.47","15.50","15.53","15.34","-0.19%"
"Nov 20, 2019","15.50","15.49","15.56","15.36","0.13%"
"Nov 19, 2019","15.48","15.39","15.51","15.30","0.58%"
"Nov 18, 2019","15.39","15.34","15.42","15.11","0.33%"
"Nov 15, 2019","15.34","15.45","15.46","15.23","-0.71%"
"Nov 14, 2019","15.45","15.41","15.55","15.32","0.26%"
"Nov 13, 2019","15.41","15.23","15.48","15.21","1.18%"
"Nov 12, 2019","15.23","15.27","15.33","15.11","-0.26%"
"Nov 11, 2019","15.27","15.25","15.37","15.07","0.13%"
"Nov 08, 2019","15.25","15.51","15.51","15.12","-1.68%"
"Nov 07, 2019","15.51","15.94","15.97","15.37","-2.70%"
"Nov 06, 2019","15.94","15.87","15.95","15.66","0.44%"
"Nov 05, 2019","15.87","16.24","16.27","15.82","-2.22%"
"Nov 04, 2019","16.23","16.21","16.34","16.10","0.06%"
"Nov 01, 2019","16.22","16.26","16.31","16.12","-0.06%"
"Oct 31, 2019","16.23","16.03","16.31","15.93","1.31%"
"Oct 30, 2019","16.02","16.03","16.16","15.83","-0.06%"
"Oct 29, 2019","16.03","16.07","16.13","15.85","-0.31%"
"Oct 28, 2019","16.08","16.27","16.36","16.02","-1.23%"
"Oct 25, 2019","16.28","16.05","16.52","16.00","1.43%"
"Oct 24, 2019","16.05","15.76","16.06","15.63","1.78%"
"Oct 23, 2019","15.77","15.75","15.85","15.70","0.13%"
"Oct 22, 2019","15.75","15.75","15.87","15.62","-0.06%"
"Oct 21, 2019","15.76","15.76","16.03","15.69","0.32%"
"Oct 18, 2019","15.71","15.76","15.81","15.61","-0.44%"
"Oct 17, 2019","15.78","15.73","15.88","15.61","0.38%"
"Oct 16, 2019","15.72","15.77","15.85","15.52","-0.38%"
"Oct 15, 2019","15.78","16.03","16.10","15.73","-1.44%"
"Oct 14, 2019","16.01","15.89","16.07","15.78","0.69%"
"Oct 11, 2019","15.90","15.93","16.14","15.69","-0.06%"
"Oct 10, 2019","15.91","16.15","16.29","15.79","-1.61%"
"Oct 09, 2019","16.17","16.18","16.37","16.10","-0.06%"
"Oct 08, 2019","16.18","15.91","16.25","15.75","1.83%"
"Oct 07, 2019","15.89","16.00","16.06","15.80","-0.69%"
"Oct 04, 2019","16.00","16.01","16.08","15.75","-0.06%"
"Oct 03, 2019","16.01","16.00","16.21","15.92","0.00%"
"Oct 02, 2019","16.01","15.78","16.15","15.70","1.52%"
"Oct 01, 2019","15.77","15.59","15.86","15.48","1.09%"
"Sep 30, 2019","15.60","16.06","16.10","15.52","-2.80%"
"Sep 27, 2019","16.05","16.32","16.40","15.81","-1.65%"
"Sep 26, 2019","16.32","16.37","16.48","16.19","-0.31%"
"Sep 25, 2019","16.37","16.88","16.98","16.28","-3.02%"
"Sep 24, 2019","16.88","16.95","17.05","16.58","-0.47%"
"Sep 23, 2019","16.96","16.33","17.01","16.27","3.99%"
"Sep 20, 2019","16.31","16.10","16.33","16.07","1.24%"
"Sep 19, 2019","16.11","16.10","16.23","15.93","0.12%"
"Sep 18, 2019","16.09","16.26","16.30","15.88","-1.11%"
"Sep 17, 2019","16.27","16.23","16.35","16.12","0.31%"
"Sep 16, 2019","16.22","15.73","16.36","15.72","3.05%"
"Sep 13, 2019","15.74","16.36","16.41","15.68","-3.79%"
"Sep 12, 2019","16.36","16.45","16.85","16.24","-0.61%"
"Sep 11, 2019","16.46","16.31","16.52","16.25","0.92%"
"Sep 10, 2019","16.31","16.28","16.47","16.07","0.12%"
"Sep 09, 2019","16.29","16.49","16.63","16.24","-1.21%"
"Sep 06, 2019","16.49","16.91","17.01","16.29","-2.43%"
"Sep 05, 2019","16.90","17.74","17.76","16.71","-4.84%"
"Sep 04, 2019","17.76","17.56","17.85","17.43","1.20%"
"Sep 03, 2019","17.55","16.84","17.59","16.75","4.15%"
"Sep 02, 2019","16.85","16.73","16.94","16.61","0.78%"
"Aug 30, 2019","16.72","16.53","16.79","16.35","1.21%"
"Aug 29, 2019","16.52","16.60","16.86","16.31","-0.30%"
"Aug 28, 2019","16.57","16.38","16.70","16.26","1.04%"
"Aug 27, 2019","16.40","15.91","16.43","15.87","3.08%"
"Aug 26, 2019","15.91","15.63","16.00","15.60","1.73%"
"Aug 23, 2019","15.64","15.38","15.70","15.30","1.69%"
"Aug 22, 2019","15.38","15.45","15.47","15.26","-0.45%"
"Aug 21, 2019","15.45","15.46","15.50","15.30","-0.13%"
"Aug 20, 2019","15.47","15.24","15.50","15.21","1.51%"
"Aug 19, 2019","15.24","15.42","15.47","15.17","-1.23%"
"Aug 16, 2019","15.43","15.54","15.62","15.35","-0.71%"
"Aug 15, 2019","15.54","15.45","15.61","15.33","0.58%"
"Aug 14, 2019","15.45","15.19","15.55","15.09","1.71%"
"Aug 13, 2019","15.19","15.22","15.63","14.80","-0.20%"
"Aug 12, 2019","15.22","15.13","15.30","14.99","0.40%"
"Aug 09, 2019","15.16","15.15","15.31","15.04","0.07%"
"Aug 08, 2019","15.15","15.28","15.35","14.97","-0.85%"
"Aug 07, 2019","15.28","14.69","15.37","14.66","4.02%"
"Aug 06, 2019","14.69","14.63","14.75","14.57","0.41%"
"Aug 05, 2019","14.63","14.60","14.90","14.48","0.21%"
"Aug 02, 2019","14.60","14.74","14.75","14.45","-0.95%"
"Aug 01, 2019","14.74","14.69","14.79","14.40","0.34%"
"Jul 31, 2019","14.69","14.85","14.91","14.61","-1.08%"
"Jul 30, 2019","14.85","14.77","14.89","14.70","0.54%"
"Jul 29, 2019","14.77","14.74","14.79","14.66","0.20%"
"Jul 26, 2019","14.74","14.73","14.83","14.63","0.14%"
"Jul 25, 2019","14.72","14.89","14.99","14.64","-1.21%"
"Jul 24, 2019","14.90","14.70","14.93","14.63","1.29%"
"Jul 23, 2019","14.71","14.58","14.81","14.43","0.82%"
"Jul 22, 2019","14.59","14.47","14.67","14.42","1.04%"
"Jul 19, 2019","14.44","14.49","14.77","14.31","-0.35%"
"Jul 18, 2019","14.49","14.23","14.50","14.17","1.90%"
"Jul 17, 2019","14.22","13.88","14.24","13.83","2.45%"
"Jul 16, 2019","13.88","13.67","14.00","13.57","1.54%"
"Jul 15, 2019","13.67","13.50","13.69","13.43","1.18%"
"Jul 12, 2019","13.51","13.42","13.53","13.35","0.60%"
"Jul 11, 2019","13.43","13.57","13.62","13.41","-0.89%"
"Jul 10, 2019","13.55","13.48","13.59","13.39","0.52%"
"Jul 09, 2019","13.48","13.41","13.50","13.32","0.60%"
"Jul 08, 2019","13.40","13.34","13.48","13.30","0.30%"
"Jul 05, 2019","13.36","13.55","13.59","13.25","-1.33%"
"Jul 04, 2019","13.54","13.58","13.59","13.46","-0.22%"
"Jul 03, 2019","13.57","13.57","13.68","13.43","-0.07%"
"Jul 02, 2019","13.58","13.41","13.58","13.29","1.19%"
"Jul 01, 2019","13.42","13.48","13.53","13.34","-0.37%"
"Jun 28, 2019","13.47","13.42","13.50","13.33","0.37%"
"Jun 27, 2019","13.42","13.41","13.45","13.31","0.00%"
"Jun 26, 2019","13.42","13.53","13.54","13.34","-0.74%"
"Jun 25, 2019","13.52","13.55","13.62","13.44","-0.22%"
"Jun 24, 2019","13.55","13.52","13.58","13.40","0.30%"
"Jun 21, 2019","13.51","13.67","13.76","13.38","-1.10%"
"Jun 20, 2019","13.66","13.49","13.74","13.44","1.19%"
"Jun 19, 2019","13.50","13.42","13.52","13.29","0.60%"
"Jun 18, 2019","13.42","13.23","13.47","13.18","1.44%"
"Jun 17, 2019","13.23","13.27","13.28","13.14","-0.30%"
"Jun 14, 2019","13.27","13.22","13.44","13.17","0.30%"
"Jun 13, 2019","13.23","13.06","13.24","13.02","1.07%"
"Jun 12, 2019","13.09","13.05","13.16","13.00","0.54%"
"Jun 11, 2019","13.02","13.00","13.07","12.92","0.23%"
"Jun 10, 2019","12.99","13.25","13.27","12.91","-1.96%"
"Jun 07, 2019","13.25","13.21","13.38","13.16","0.30%"
"Jun 06, 2019","13.21","13.19","13.32","13.12","0.08%"
"Jun 05, 2019","13.20","13.17","13.33","13.10","0.23%"
"Jun 04, 2019","13.17","13.14","13.20","13.02","0.15%"
"Jun 03, 2019","13.15","13.07","13.22","13.04","0.84%"
"May 31, 2019","13.04","13.04","13.15","12.96","-0.08%"
"May 30, 2019","13.05","12.96","13.09","12.86","0.62%"
"May 29, 2019","12.97","12.86","13.00","12.82","0.86%"
"May 28, 2019","12.86","13.00","13.05","12.74","-1.38%"
"May 27, 2019","13.04","13.05","13.10","13.01","0.31%"
"May 24, 2019","13.00","13.07","13.07","12.95","-0.54%"
"May 23, 2019","13.07","12.95","13.13","12.90","0.85%"
"May 22, 2019","12.96","12.95","13.00","12.87","0.08%"
"May 21, 2019","12.95","12.95","12.97","12.86","0.00%"
"May 20, 2019","12.95","12.91","12.97","12.86","0.31%"
"May 17, 2019","12.91","13.04","13.04","12.87","-1.00%"
"May 16, 2019","13.04","13.21","13.23","12.96","-1.29%"
"May 15, 2019","13.21","13.20","13.27","13.14","0.08%"
"May 14, 2019","13.20","13.15","13.26","13.09","0.38%"
"May 13, 2019","13.15","13.13","13.17","12.97","-0.15%"
"May 10, 2019","13.17","13.16","13.21","13.10","0.08%"
"May 09, 2019","13.16","13.27","13.29","13.09","-0.83%"
"May 08, 2019","13.27","13.33","13.37","13.21","-0.52%"
"May 07, 2019","13.34","13.29","13.35","13.19","0.30%"
"May 06, 2019","13.30","13.33","13.39","13.17","-0.30%"
"May 03, 2019","13.34","13.10","13.39","13.04","1.91%"
"May 02, 2019","13.09","13.10","13.14","12.99","-0.15%"
"May 01, 2019","13.11","13.32","13.34","13.02","-1.58%"
"Apr 30, 2019","13.32","13.32","13.39","13.18","-0.08%"
"Apr 29, 2019","13.33","13.53","13.54","13.30","-1.48%"
"Apr 26, 2019","13.53","13.43","13.54","13.39","0.74%"
"Apr 25, 2019","13.43","13.38","13.48","13.31","0.30%"
"Apr 24, 2019","13.39","13.23","13.43","13.17","1.29%"
"Apr 23, 2019","13.22","13.33","13.37","13.12","-0.83%"
"Apr 22, 2019","13.33","13.29","13.43","13.28","0.23%"
"Apr 19, 2019","13.30","13.36","13.37","13.29","-0.45%"
"Apr 18, 2019","13.36","13.28","13.37","13.20","0.60%"
"Apr 17, 2019","13.28","13.31","13.37","13.18","-0.15%"
"Apr 16, 2019","13.30","13.27","13.30","13.14","0.23%"
"Apr 15, 2019","13.27","13.24","13.31","13.11","0.15%"
"Apr 12, 2019","13.25","13.32","13.37","13.23","-0.45%"
"Apr 11, 2019","13.31","13.51","13.53","13.23","-1.48%"
"Apr 10, 2019","13.51","13.51","13.57","13.42","0.00%"
"Apr 09, 2019","13.51","13.52","13.60","13.47","-0.15%"
"Apr 08, 2019","13.53","13.45","13.60","13.42","0.52%"
"Apr 05, 2019","13.46","13.49","13.55","13.41","-0.22%"
"Apr 04, 2019","13.49","13.47","13.53","13.28","0.15%"
"Apr 03, 2019","13.47","13.48","13.55","13.35","-0.07%"
"Apr 02, 2019","13.48","13.47","13.50","13.30","0.00%"
"Apr 01, 2019","13.48","13.50","13.54","13.37","-0.15%"
"Mar 29, 2019","13.50","13.37","13.54","13.30","0.97%"
"Mar 28, 2019","13.37","13.59","13.63","13.33","-1.62%"
"Mar 27, 2019","13.59","13.70","13.75","13.53","-0.80%"
"Mar 26, 2019","13.70","13.74","13.76","13.62","-0.15%"
"Mar 25, 2019","13.72","13.63","13.77","13.62","0.66%"
"Mar 22, 2019","13.63","13.60","13.74","13.56","0.22%"
"Mar 21, 2019","13.60","13.57","13.71","13.52","0.22%"
"Mar 20, 2019","13.57","13.55","13.61","13.43","0.15%"
"Mar 19, 2019","13.55","13.54","13.63","13.47","0.07%"
"Mar 18, 2019","13.54","13.50","13.60","13.42","0.30%"
"Mar 15, 2019","13.50","13.44","13.60","13.40","0.45%"
"Mar 14, 2019","13.44","13.63","13.65","13.36","-1.39%"
"Mar 13, 2019","13.63","13.68","13.76","13.61","-0.37%"
"Mar 12, 2019","13.68","13.60","13.72","13.57","0.59%"
"Mar 11, 2019","13.60","13.63","13.68","13.50","-0.29%"
"Mar 08, 2019","13.64","13.43","13.69","13.40","1.64%"
"Mar 07, 2019","13.42","13.34","13.44","13.27","0.60%"
"Mar 06, 2019","13.34","13.37","13.42","13.26","-0.30%"
"Mar 05, 2019","13.38","13.31","13.41","13.27","0.53%"
"Mar 04, 2019","13.31","13.37","13.45","13.27","-0.45%"
"Mar 01, 2019","13.37","13.68","13.76","13.31","-2.48%"
"Feb 28, 2019","13.71","13.86","13.91","13.67","-1.08%"
"Feb 27, 2019","13.86","14.00","14.01","13.79","-0.86%"
"Feb 26, 2019","13.98","13.99","14.04","13.88","-0.07%"
"Feb 25, 2019","13.99","14.04","14.11","13.93","-0.29%"
"Feb 22, 2019","14.03","13.90","14.08","13.89","0.65%"
"Feb 21, 2019","13.94","14.16","14.24","13.93","-1.55%"
"Feb 20, 2019","14.16","14.14","14.30","14.09","0.43%"
"Feb 19, 2019","14.10","13.97","14.12","13.89","0.86%"
"Feb 18, 2019","13.98","13.99","14.02","13.89","0.07%"
"Feb 15, 2019","13.97","13.83","13.99","13.74","1.01%"
"Feb 14, 2019","13.83","13.82","13.91","13.68","0.00%"
"Feb 13, 2019","13.83","13.81","14.00","13.75","-0.07%"
"Feb 12, 2019","13.84","13.93","14.07","13.83","-0.72%"
"Feb 11, 2019","13.94","14.00","14.02","13.87","-0.21%"
"Feb 08, 2019","13.97","13.88","14.00","13.78","0.72%"
"Feb 07, 2019","13.87","13.79","13.89","13.73","0.58%"
"Feb 06, 2019","13.79","13.86","13.92","13.73","-0.72%"
"Feb 05, 2019","13.89","13.87","13.97","13.84","0.14%"
"Feb 04, 2019","13.87","13.93","13.97","13.71","-0.14%"
"Feb 01, 2019","13.89","14.00","14.05","13.83","-1.07%"
"Jan 31, 2019","14.04","14.03","14.14","13.91","0.36%"
"Jan 30, 2019","13.99","13.83","14.00","13.81","1.01%"
"Jan 29, 2019","13.85","13.78","13.96","13.74","0.58%"
"Jan 28, 2019","13.77","13.82","13.87","13.65","-0.22%"
"Jan 25, 2019","13.80","13.52","13.81","13.49","1.85%"
"Jan 24, 2019","13.55","13.50","13.60","13.43","0.37%"
"Jan 23, 2019","13.50","13.50","13.63","13.43","0.07%"
"Jan 22, 2019","13.49","13.42","13.56","13.35","0.45%"
"Jan 21, 2019","13.43","13.52","13.55","13.37","-0.52%"
"Jan 18, 2019","13.50","13.61","13.70","13.45","-0.95%"
"Jan 17, 2019","13.63","13.69","13.74","13.56","-0.44%"
"Jan 16, 2019","13.69","13.69","13.77","13.61","0.29%"
"Jan 15, 2019","13.65","13.64","13.72","13.56","0.07%"
"Jan 14, 2019","13.64","13.61","13.66","13.51","0.29%"
"Jan 11, 2019","13.60","13.54","13.66","13.50","0.52%"
"Jan 10, 2019","13.53","13.64","13.67","13.48","-0.81%"
"Jan 09, 2019","13.64","13.66","13.73","13.52","-0.37%"
"Jan 08, 2019","13.69","13.65","13.75","13.55","0.37%"
"Jan 07, 2019","13.64","13.81","13.88","13.60","-0.94%"
"Jan 04, 2019","13.77","13.82","13.92","13.68","-0.29%"
"Jan 03, 2019","13.81","13.65","13.83","13.62","0.88%"
"Jan 02, 2019","13.69","13.51","13.81","13.40","1.33%"
"Jan 01, 2019","13.51","13.51","13.56","13.42","0.00%"